{
   "background":"background.png",
   "width":900,
   "height":1600,
   "items":[
      {
         "mask":"mask1.png",
         "width":818.89,
         "height":795.29,
         "top":189,
         "left":40.65
      },
      {
         "mask":"mask2.png",
         "width":483.03,
         "height":321.65,
         "top":1023.35,
         "left":40.65
      },
      {
         "mask":"mask3.png",
         "width":295.88,
         "height":321.65,
         "top":1023.35,
         "left":563.68
      }
   ]
}