{
  "background": "background.jpg",
  "width": 900,
  "height": 1600,
  "layerList": [
    {
      "source": "mask1.png",
      "width": 210.0,
      "height": 210.0,
      "x": 341.0,
      "y": 408.0
    },
    {
      "source": "mask2.png",
      "width": 210,
      "height": 210,
      "x": 230.0,
      "y": 617.0
    },
    {
      "source": "mask3.png",
      "width": 210,
      "height": 210,
      "x": 450.0,
      "y": 616.0
    },
    {
      "source": "mask4.png",
      "width": 210,
      "height": 210,
      "x": 126.0,
      "y": 824.0
    },
    {
      "source": "mask5.png",
      "width": 210,
      "height": 210,
      "x": 339.0,
      "y": 824.0
    },
    {
      "source": "mask6.png",
      "width": 210,
      "height": 210,
      "x": 564.0,
      "y": 824.0
    }
  ]
}
