{
  "background": "background.jpg",
  "width": 900,
  "height": 1600,
  "layerList": [
    {
      "source": "mask1.png",
      "width": 358.41,
      "height": 195.93,
      "x": 124.49,
      "y": 377.19
    },
    {
      "source": "mask2.png",
      "width": 377.46,
      "height": 383.96,
      "x": 75.68,
      "y": 442.03
    },
    {
      "source": "mask3.png",
      "width": 329.8,
      "height": 331.62,
      "x": 453.21,
      "y": 558.84
    },
    {
      "source": "mask4.png",
      "width": 354.27,
      "height": 360.67,
      "x": 426.76,
      "y": 901
    }
  ]
}
