{
   "background":"background.png",
   "width":900,
   "height":1600,
   "items":[
      {
         "mask":"mask1.png",
         "width":791,
         "height":626,
         "top":266,
         "left":44
      },
      {
         "mask":"mask2.png",
         "width":194.68,
         "height":194.68,
         "top":1364.66,
         "left":25
      },
      {
         "mask":"mask3.png",
         "width":194.68,
         "height":194.68,
         "top":1364.66,
         "left":243.68
      },
      {
         "mask":"mask4.png",
         "width":194.68,
         "height":194.68,
         "top":1364.66,
         "left":462.35
      },
      {
         "mask":"mask5.png",
         "width":194.68,
         "height":194.68,
         "top":1364.66,
         "left":681.03
      }
   ]
}