{
   "background":"background.png",
   "width":900,
   "height":1600,
   "items":[
      {
         "mask":"mask1.png",
         "width":248,
         "height":265,
         "top":142,
         "left":37
      },
      {
         "mask":"mask2.png",
         "width":561.24,
         "height":268.13,
         "top":142,
         "left":301.76
      },
      {
         "mask":"mask3.png",
         "width":384,
         "height":617,
         "top":434,
         "left":37
      },
      {
         "mask":"mask4.png",
         "width":419,
         "height":245,
         "top":434,
         "left":444
      },
      {
         "mask":"mask5.png",
         "width":383.66,
         "height":301.23,
         "top":1077.63,
         "left":37.37
      },
      {
         "mask":"mask6.png",
         "width":416.57,
         "height":678.56,
         "top":700.29,
         "left":443.63
      }
   ]
}