{
  "background": "background.jpg",
  "width": 900,
  "height": 1600,
  "layerList": [
    {
      "source": "mask1.png",
      "width": 368.0,
      "height": 412.0,
      "x": 454.0,
      "y": 195.0
    },
    {
      "source": "mask2.png",
      "width": 134.67,
      "height": 130.64,
      "x": 56.5,
      "y": 672.94
    },
    {
      "source": "mask3.png",
      "width": 92.89,
      "height": 92.05,
      "x": 244.53,
      "y": 903.65
    },
    {
      "source": "mask4.png",
      "width": 88.18,
      "height": 85.74,
      "x": 255.0,
      "y": 1009.76
    },
    {
      "source": "mask5.png",
      "width": 87.32,
      "height": 84.84,
      "x": 330.33,
      "y": 952
    },
    {
      "source": "mask6.png",
      "width": 180.9,
      "height": 161.85,
      "x": 666.51,
      "y": 936.02
    }
  ]
}
