{
  "background": "background.jpg",
  "width": 900,
  "height": 1600,
  "layerList": [
    {
      "source": "mask1.png",
      "width": 800.0,
      "height": 518.0,
      "x": 50.0,
      "y": 541.0
    },
    {
      "source": "mask2.png",
      "width": 199,
      "height": 197,
      "x": 134.0,
      "y": 1094.0
    },
    {
      "source": "mask3.png",
      "width": 199,
      "height": 197,
      "x": 359.5,
      "y": 1094.0
    },
    {
      "source": "mask4.png",
      "width": 199,
      "height": 197,
      "x": 582.0,
      "y": 1094.0
    }
  ]
}
