{
  "background": "background.jpg",
  "width": 900,
  "height": 1600,
  "layerList": [
    {
      "source": "mask1.png",
      "width": 379.98,
      "height": 420.21,
      "x": 58.36,
      "y": 577.41
    },
    {
      "source": "mask2.png",
      "width": 406.71,
      "height": 430.05,
      "x": 436.06,
      "y": 556.59
    },
    {
      "source": "mask3.png",
      "width": 281.92,
      "height": 311.35,
      "x": 320.5,
      "y": 834.39
    },
    {
      "source": "mask4.png",
      "width": 398.28,
      "height": 443.52,
      "x": 74.72,
      "y": 960.67
    },
    {
      "source": "mask5.png",
      "width": 302.21,
      "height": 361.09,
      "x": 487.29,
      "y": 994.39
    }
  ]
}
