{
  "background": "background.jpg",
  "width": 900,
  "height": 1600,
  "layerList": [
    {
      "source": "mask1.png",
      "width": 716.0,
      "height": 710.29,
      "x": 92.0,
      "y": 443.0
    },
    {
      "source": "mask2.png",
      "width": 104,
      "height": 104,
      "x": 131.0,
      "y": 982.0
    },
    {
      "source": "mask3.png",
      "width": 104,
      "height": 104,
      "x": 236.0,
      "y": 1058.0
    },
    {
      "source": "mask4.png",
      "width": 129,
      "height": 129,
      "x": 385.5,
      "y": 1090.0
    },
    {
      "source": "mask5.png",
      "width": 104,
      "height": 104,
      "x": 583.0,
      "y": 1058.0
    },
    {
      "source": "mask6.png",
      "width": 104,
      "height": 104,
      "x": 689.0,
      "y": 983.0
    }
  ]
}
