{
  "background": "background.jpg",
  "width": 900,
  "height": 1600,
  "layerList": [
    {
      "source": "mask1.png",
      "width": 341,
      "height": 492,
      "x": 53,
      "y": 193
    },
    {
      "source": "mask2.png",
      "width": 418,
      "height": 374,
      "x": 444,
      "y": 311
    },
    {
      "source": "mask3.png",
      "width": 211,
      "height": 251,
      "x": 53,
      "y": 727
    },
    {
      "source": "mask4.png",
      "width": 201,
      "height": 250,
      "x": 308,
      "y": 727
    },
    {
      "source": "mask5.png",
      "width": 225,
      "height": 259,
      "x": 548,
      "y": 727
    },
    {
      "source": "mask6.png",
      "width": 422,
      "height": 422,
      "x": 53,
      "y": 1010
    },
    {
      "source": "mask7.png",
      "width": 353,
      "height": 316,
      "x": 509,
      "y": 1116
    }
  ]
}
