{
  "background": "background.jpg",
  "width": 900,
  "height": 1600,
  "layerList": [
    {
      "source": "mask1.png",
      "width": 505,
      "height": 505,
      "x": 140,
      "y": 333
    },
    {
      "source": "mask2.png",
      "width": 253,
      "height": 252,
      "x": 140,
      "y": 864
    },
    {
      "source": "mask3.png",
      "width": 253,
      "height": 252,
      "x": 140,
      "y": 1142
    },
    {
      "source": "mask4.png",
      "width": 426,
      "height": 530,
      "x": 416,
      "y": 864
    }
  ]
}
