{
  "background": "background.jpg",
  "width": 900,
  "height": 1600,
  "layerList": [
    {
      "source": "mask1.png",
      "width": 377,
      "height": 277,
      "x": 330,
      "y": 388
    },
    {
      "source": "mask2.png",
      "width": 379.79,
      "height": 300.92,
      "x": 72,
      "y": 586.15
    },
    {
      "source": "mask3.png",
      "width": 395.25,
      "height": 268.29,
      "x": 430.24,
      "y": 658.05
    },
    {
      "source": "mask4.png",
      "width": 383.92,
      "height": 247.18,
      "x": 227.96,
      "y": 901.68
    }
  ]
}
