{
   "background":"background.png",
   "width":900,
   "height":1600,
   "items":[
      {
         "mask":"mask1.png",
         "width":411.51,
         "height":1127.3,
         "top":425,
         "left":43
      },
      {
         "mask":"mask2.png",
         "width":347.3,
         "height":347.3,
         "top":425,
         "left":509.18
      },
      {
         "mask":"mask3.png",
         "width":347.3,
         "height":347.3,
         "top":815,
         "left":509.18
      },
      {
         "mask":"mask4.png",
         "width":347.3,
         "height":347.3,
         "top":1205,
         "left":509.18
      }
   ]
}