{
   "background":"background.png",
   "width":900,
   "height":1600,
   "items":[
      {
         "mask":"mask1.png",
         "width":473,
         "height":702.5,
         "top":545.5,
         "left":58.5
      },
      {
         "mask":"mask2.png",
         "width":292,
         "height":388,
         "top":0,
         "left":608
      },
      {
         "mask":"mask3.png",
         "width":257,
         "height":416,
         "top":381,
         "left":643
      },
      {
         "mask":"mask4.png",
         "width":221,
         "height":412,
         "top":796,
         "left":679
      },
      {
         "mask":"mask5.png",
         "width":184,
         "height":390,
         "top":1210,
         "left":716
      }
   ]
}